level,word,meaning,field,example_index,situation,ko,current_tl,proposed_tl,reason,issue_count_for_word
2,담배,タバコ、タバコ,examples.tl,10,税金の話,담배 값이 올라서 많은 사람들이 금연을 시작했어요.,담배 값이 올라서 많은 사람들이 금연을 시작했어요.,,same_as_korean,1
2,답장,返信、返事の手紙,example_tl,,手紙を送った後,친구에게 편지를 보냈는데 아직 답장이 없어요.,친구에게 편지를 보냈는데 아직 답장이 없어요.,,same_as_korean,11
2,답장,返信、返事の手紙,examples.tl,1,手紙を送った後,친구에게 편지를 보냈는데 아직 답장이 없어요.,친구에게 편지를 보냈는데 아직 답장이 없어요.,,same_as_korean,11
2,답장,返信、返事の手紙,examples.tl,10,感謝の気持ちを伝える,바쁘신데 답장을 보내 주셔서 감사합니다.,바쁘신데 답장을 보내 주셔서 감사합니다.,,same_as_korean,11
2,답장,返信、返事の手紙,examples.tl,2,テキストメッセージ,카카오톡 메시지를 보냈는데 답장이 늦게 왔어요.,카카오톡 메시지를 보냈는데 답장이 늦게 왔어요.,,same_as_korean,11
2,답장,返信、返事の手紙,examples.tl,3,メールチェック中,회사에서 보낸 이메일에 빨리 답장해 주세요.,회사에서 보낸 이메일에 빨리 답장해 주세요.,,same_as_korean,11
2,답장,返信、返事の手紙,examples.tl,4,連絡が取れないとき,몇 번 문자를 보냈는데 답장이 없어서 걱정돼요.,몇 번 문자를 보냈는데 답장이 없어서 걱정돼요.,,same_as_korean,11
2,답장,返信、返事の手紙,examples.tl,5,手紙の書き方クラス,편지를 받으면 꼭 답장을 써야 해요.,편지를 받으면 꼭 답장을 써야 해요.,,same_as_korean,11
2,답장,返信、返事の手紙,examples.tl,6,友人に連絡する,오랜만에 연락했더니 친구가 반가운 답장을 보냈어요.,오랜만에 연락했더니 친구가 반가운 답장을 보냈어요.,,same_as_korean,11
2,답장,返信、返事の手紙,examples.tl,7,求人応募,지원서를 보낸 회사에서 면접 답장이 왔어요.,지원서를 보낸 회사에서 면접 답장이 왔어요.,,same_as_korean,11
2,답장,返信、返事の手紙,examples.tl,8,ロマンスについて話す,좋아하는 사람에게 고백 문자를 보냈는데 답장을 기다리고 있어요.,좋아하는 사람에게 고백 문자를 보냈는데 답장을 기다리고 있어요.,,same_as_korean,11
2,답장,返信、返事の手紙,examples.tl,9,先生に質問する,선생님께 질문 이메일을 드렸더니 빠르게 답장해 주셨어요.,선생님께 질문 이메일을 드렸더니 빠르게 답장해 주셨어요.,,same_as_korean,11
2,당근,ニンジン,example_tl,,料理の食材について話す,카레를 만들 때 당근과 감자를 넣어요.,카레를 만들 때 당근과 감자를 넣어요.,,same_as_korean,11
2,당근,ニンジン,examples.tl,1,料理の食材について話す,카레를 만들 때 당근과 감자를 넣어요.,카레를 만들 때 당근과 감자를 넣어요.,,same_as_korean,11
2,당근,ニンジン,examples.tl,10,母の料理,어머니가 당근으로 맛있는 나물을 만들어 주셨어요.,어머니가 당근으로 맛있는 나물을 만들어 주셨어요.,,same_as_korean,11
2,당근,ニンジン,examples.tl,2,健康食品,당근은 눈에 좋은 비타민A가 많이 들어 있어요.,당근은 눈에 좋은 비타민A가 많이 들어 있어요.,,same_as_korean,11
2,당근,ニンジン,examples.tl,3,マートショッピング,마트에서 당근 세 개를 샀어요.,마트에서 당근 세 개를 샀어요.,,same_as_korean,11
2,당근,ニンジン,examples.tl,4,お子様のおかず,아이가 당근을 싫어해서 잘게 썰어서 숨겨 놓았어요.,아이가 당근을 싫어해서 잘게 썰어서 숨겨 놓았어요.,,same_as_korean,11
2,당근,ニンジン,examples.tl,5,ジュース作り,아침마다 당근 주스를 만들어 마셔요.,아침마다 당근 주스를 만들어 마셔요.,,same_as_korean,11
2,당근,ニンジン,examples.tl,6,野菜炒め,당근을 얇게 썰어서 기름에 볶으면 맛있어요.,당근을 얇게 썰어서 기름에 볶으면 맛있어요.,,same_as_korean,11
2,당근,ニンジン,examples.tl,7,冷蔵庫の整理整頓,냉장고에 당근이 몇 개 남아 있어서 국에 넣었어요.,냉장고에 당근이 몇 개 남아 있어서 국에 넣었어요.,,same_as_korean,11
2,당근,ニンジン,examples.tl,8,ウサギに餌をやる,토끼가 당근을 정말 좋아해요.,토끼가 당근을 정말 좋아해요.,,same_as_korean,11
2,당근,ニンジン,examples.tl,9,サラダ作り,샐러드에 당근을 채 썰어서 넣었어요.,샐러드에 당근을 채 썰어서 넣었어요.,,same_as_korean,11
2,당신,あなた（正式な）,example_tl,,歌詞,당신을 사랑한다는 말을 하고 싶어요.,당신을 사랑한다는 말을 하고 싶어요.,,same_as_korean,10
2,당신,あなた（正式な）,examples.tl,1,歌詞,당신을 사랑한다는 말을 하고 싶어요.,당신을 사랑한다는 말을 하고 싶어요.,,same_as_korean,10
2,당신,あなた（正式な）,examples.tl,10,ご依頼の際は,당신만이 이 일을 해결할 수 있어요.,당신만이 이 일을 해결할 수 있어요.,,same_as_korean,10
2,당신,あなた（正式な）,examples.tl,2,正式な手紙,당신의 노력에 진심으로 감사드립니다.,당신의 노력에 진심으로 감사드립니다.,,same_as_korean,10
2,당신,あなた（正式な）,examples.tl,3,夫婦の会話,당신이 없으면 저는 어떻게 살아요.,당신이 없으면 저는 어떻게 살아요.,,same_as_korean,10
2,당신,あなた（正式な）,examples.tl,4,公式発表,당신의 의견이 우리 회사에 큰 도움이 됩니다.,당신의 의견이 우리 회사에 큰 도움이 됩니다.,,same_as_korean,10
2,당신,あなた（正式な）,examples.tl,5,広告コピー,당신의 건강을 위해 이 제품을 추천합니다.,당신의 건강을 위해 이 제품을 추천합니다.,,same_as_korean,10
2,당신,あなた（正式な）,examples.tl,6,詩を読む,당신은 나의 전부예요.,당신은 나의 전부예요.,,same_as_korean,10
2,당신,あなた（正式な）,examples.tl,8,感謝の気持ちを伝える,당신 덕분에 큰 어려움을 이겨낼 수 있었어요.,당신 덕분에 큰 어려움을 이겨낼 수 있었어요.,,same_as_korean,10
2,당신,あなた（正式な）,examples.tl,9,公式イベント,오늘 이 자리에 당신을 초대하게 되어 영광입니다.,오늘 이 자리에 당신을 초대하게 되어 영광입니다.,,same_as_korean,10
2,대,対、約、大きい,example_tl,,試合結果の発表,오늘 경기는 한국 대 일본이에요.,오늘 경기는 한국 대 일본이에요.,,same_as_korean,11
2,대,対、約、大きい,examples.tl,1,試合結果の発表,오늘 경기는 한국 대 일본이에요.,오늘 경기는 한국 대 일본이에요.,,same_as_korean,11
2,대,対、約、大きい,examples.tl,10,分析プレゼンテーション,비용 대 효과를 꼼꼼히 따져 봐야 해요.,비용 대 효과를 꼼꼼히 따져 봐야 해요.,,same_as_korean,11
2,대,対、約、大きい,examples.tl,2,比率の説明,학생 대 선생님의 비율이 30 대 1이에요.,학생 대 선생님의 비율이 30 대 1이에요.,,same_as_korean,11
2,대,対、約、大きい,examples.tl,3,会議の議題,환경 문제에 대한 의견을 나눠 봐요.,환경 문제에 대한 의견을 나눠 봐요.,,same_as_korean,11
2,대,対、約、大きい,examples.tl,4,スポーツ中継,한국 대 브라질 월드컵 경기를 시청했어요.,한국 대 브라질 월드컵 경기를 시청했어요.,,same_as_korean,11
2,대,対、約、大きい,examples.tl,5,サイズの選択,"이 셔츠는 소, 중, 대 세 가지 사이즈가 있어요.","이 셔츠는 소, 중, 대 세 가지 사이즈가 있어요.",,same_as_korean,11
2,대,対、約、大きい,examples.tl,6,比較説明,찬성 대 반대가 거의 비슷해요.,찬성 대 반대가 거의 비슷해요.,,same_as_korean,11
2,대,対、約、大きい,examples.tl,7,今後のスポーツイベント,내일 축구 한국 대 독일전을 꼭 봐야 해요.,내일 축구 한국 대 독일전을 꼭 봐야 해요.,,same_as_korean,11
2,대,対、約、大きい,examples.tl,8,ご注文時,짜장면 대자로 하나 주세요.,짜장면 대자로 하나 주세요.,,same_as_korean,11
2,대,対、約、大きい,examples.tl,9,統計プレゼンテーション,남성 대 여성의 비율을 조사했어요.,남성 대 여성의 비율을 조사했어요.,,same_as_korean,11
2,대답,答え、応答,example_tl,,授業時間,선생님의 질문에 자신 있게 대답을 했어요.,선생님의 질문에 자신 있게 대답을 했어요.,,same_as_korean,11
2,대답,答え、応答,examples.tl,1,授業時間,선생님의 질문에 자신 있게 대답을 했어요.,선생님의 질문에 자신 있게 대답을 했어요.,,same_as_korean,11
2,대답,答え、応答,examples.tl,10,親と子供たち,아버지의 질문에 정직한 대답을 드렸어요.,아버지의 질문에 정직한 대답을 드렸어요.,,same_as_korean,11
2,대답,答え、応答,examples.tl,2,面接の準備,면접에서 좋은 대답을 하려고 많이 연습했어요.,면접에서 좋은 대답을 하려고 많이 연습했어요.,,same_as_korean,11
2,대답,答え、応答,examples.tl,3,子どもとの会話,아이가 엄마 말에 대답을 하지 않아서 화가 났어요.,아이가 엄마 말에 대답을 하지 않아서 화가 났어요.,,same_as_korean,11
2,대답,答え、応答,examples.tl,4,クイズに参加する,퀴즈에서 정확한 대답을 해서 상품을 받았어요.,퀴즈에서 정확한 대답을 해서 상품을 받았어요.,,same_as_korean,11
2,대답,答え、応答,examples.tl,5,電話,전화를 했는데 대답이 없어서 다시 걸었어요.,전화를 했는데 대답이 없어서 다시 걸었어요.,,same_as_korean,11
2,대답,答え、応答,examples.tl,6,試験勉強,이 문제의 대답을 모르겠어서 선생님께 여쭤봤어요.,이 문제의 대답을 모르겠어서 선생님께 여쭤봤어요.,,same_as_korean,11
2,대답,答え、応答,examples.tl,7,正直な会話,그 사람의 대답이 너무 솔직해서 놀랐어요.,그 사람의 대답이 너무 솔직해서 놀랐어요.,,same_as_korean,11
2,대답,答え、応答,examples.tl,8,カウンセリング時間,상담사의 대답이 큰 도움이 되었어요.,상담사의 대답이 큰 도움이 되었어요.,,same_as_korean,11
2,대답,答え、応答,examples.tl,9,アンケート回答,설문지의 모든 항목에 대답을 완성했어요.,설문지의 모든 항목에 대답을 완성했어요.,,same_as_korean,11
2,대답하다,答える、返事する,example_tl,,授業中のプレゼンテーション,선생님이 물어보셔서 큰 소리로 대답했어요.,선생님이 물어보셔서 큰 소리로 대답했어요.,,same_as_korean,11
2,대답하다,答える、返事する,examples.tl,1,授業中のプレゼンテーション,선생님이 물어보셔서 큰 소리로 대답했어요.,선생님이 물어보셔서 큰 소리로 대답했어요.,,same_as_korean,11
2,대답하다,答える、返事する,examples.tl,10,不快な質問,개인적인 질문이라 대답하기 싫었어요.,개인적인 질문이라 대답하기 싫었어요.,,same_as_korean,11
2,대답하다,答える、返事する,examples.tl,2,面接の様子,면접관의 질문에 차분하게 대답했어요.,면접관의 질문에 차분하게 대답했어요.,,same_as_korean,11
2,대답하다,答える、返事する,examples.tl,3,電話に出る,전화가 왔을 때 바로 대답하지 못했어요.,전화가 왔을 때 바로 대답하지 못했어요.,,same_as_korean,11
2,대답하다,答える、返事する,examples.tl,4,名前を呼ぶとき,선생님이 이름을 부르자 '네'라고 대답했어요.,선생님이 이름을 부르자 '네'라고 대답했어요.,,same_as_korean,11
2,대답하다,答える、返事する,examples.tl,5,不明な問題,어려운 질문이라 자신 없게 대답했어요.,어려운 질문이라 자신 없게 대답했어요.,,same_as_korean,11
2,대답하다,答える、返事する,examples.tl,6,警察の捜査,경찰관의 질문에 솔직하게 대답해야 해요.,경찰관의 질문에 솔직하게 대답해야 해요.,,same_as_korean,11
2,대답하다,答える、返事する,examples.tl,7,保護者との会話,엄마가 어디 갔다 왔냐고 물어서 대답했어요.,엄마가 어디 갔다 왔냐고 물어서 대답했어요.,,same_as_korean,11
2,대답하다,答える、返事する,examples.tl,8,試験問題を解く,시험지에 모든 질문에 대답했어요.,시험지에 모든 질문에 대답했어요.,,same_as_korean,11
2,대답하다,答える、返事する,examples.tl,9,見知らぬ人の質問,길을 묻는 사람에게 친절하게 대답해 줬어요.,길을 묻는 사람에게 친절하게 대답해 줬어요.,,same_as_korean,11
2,대부분,ほとんど、ほとんど,example_tl,,統計の説明,학생들 대부분이 시험을 잘 봤어요.,학생들 대부분이 시험을 잘 봤어요.,,same_as_korean,11
2,대부분,ほとんど、ほとんど,examples.tl,1,統計の説明,학생들 대부분이 시험을 잘 봤어요.,학생들 대부분이 시험을 잘 봤어요.,,same_as_korean,11
2,대부분,ほとんど、ほとんど,examples.tl,10,音楽の好み,저는 음악을 들을 때 대부분 팝송을 들어요.,저는 음악을 들을 때 대부분 팝송을 들어요.,,same_as_korean,11
2,대부분,ほとんど、ほとんど,examples.tl,2,日常生活,저는 대부분의 시간을 집에서 보내요.,저는 대부분의 시간을 집에서 보내요.,,same_as_korean,11
2,대부분,ほとんど、ほとんど,examples.tl,3,食べ物の好み,우리 반 학생들은 대부분 떡볶이를 좋아해요.,우리 반 학생들은 대부분 떡볶이를 좋아해요.,,same_as_korean,11
2,대부분,ほとんど、ほとんど,examples.tl,4,スケジュールの話,주말에는 대부분 친구들을 만나요.,주말에는 대부분 친구들을 만나요.,,same_as_korean,11
2,대부분,ほとんど、ほとんど,examples.tl,5,調査結果,응답자 대부분이 건강에 관심이 있다고 했어요.,응답자 대부분이 건강에 관심이 있다고 했어요.,,same_as_korean,11
2,대부분,ほとんど、ほとんど,examples.tl,6,生活習慣,그 사람은 대부분의 일을 혼자 해요.,그 사람은 대부분의 일을 혼자 해요.,,same_as_korean,11
2,대부분,ほとんど、ほとんど,examples.tl,7,買い物の話,요즘 사람들은 대부분 온라인으로 쇼핑해요.,요즘 사람들은 대부분 온라인으로 쇼핑해요.,,same_as_korean,11
2,대부분,ほとんど、ほとんど,examples.tl,8,天気の話,이번 주는 대부분 맑은 날씨가 예상돼요.,이번 주는 대부분 맑은 날씨가 예상돼요.,,same_as_korean,11
2,대부분,ほとんど、ほとんど,examples.tl,9,ジョブ統計,우리 동네에는 대부분 회사원들이 살아요.,우리 동네에는 대부분 회사원들이 살아요.,,same_as_korean,11
2,대사관,大使館,example_tl,,ビザ申請,미국 비자를 받으려면 대사관에 가야 해요.,미국 비자를 받으려면 대사관에 가야 해요.,,same_as_korean,11
2,대사관,大使館,examples.tl,1,ビザ申請,미국 비자를 받으려면 대사관에 가야 해요.,미국 비자를 받으려면 대사관에 가야 해요.,,same_as_korean,11
2,대사관,大使館,examples.tl,10,外交官について話す,대사관에서 일하는 사람을 외교관이라고 해요.,대사관에서 일하는 사람을 외교관이라고 해요.,,same_as_korean,11
2,대사관,大使館,examples.tl,2,パスポート紛失,해외에서 여권을 잃어버리면 대사관에 연락하세요.,해외에서 여권을 잃어버리면 대사관에 연락하세요.,,same_as_korean,11
2,대사관,大使館,examples.tl,3,外交について話す,서울에는 여러 나라의 대사관이 있어요.,서울에는 여러 나라의 대사관이 있어요.,,same_as_korean,11
2,대사관,大使館,examples.tl,4,留学準備,유학 정보를 얻으려고 미국 대사관 홈페이지를 방문했어요.,유학 정보를 얻으려고 미국 대사관 홈페이지를 방문했어요.,,same_as_korean,11
2,대사관,大使館,examples.tl,5,緊急事態,해외에서 사고가 생기면 한국 대사관에 도움을 요청할 수 있어요.,해외에서 사고가 생기면 한국 대사관에 도움을 요청할 수 있어요.,,same_as_korean,11
2,대사관,大使館,examples.tl,6,外国人登録,한국에서 오래 살려면 외국인은 관련 기관에 등록해야 해요.,한국에서 오래 살려면 외국인은 관련 기관에 등록해야 해요.,,same_as_korean,11
2,대사관,大使館,examples.tl,7,観光情報の収集,여행 전에 그 나라 대사관에서 안전 정보를 확인했어요.,여행 전에 그 나라 대사관에서 안전 정보를 확인했어요.,,same_as_korean,11
2,대사관,大使館,examples.tl,8,ビザ拒否後,비자가 거절되어서 대사관에 이의를 신청했어요.,비자가 거절되어서 대사관에 이의를 신청했어요.,,same_as_korean,11
2,대사관,大使館,examples.tl,9,国際イベント,대사관 주최로 한국 문화 행사가 열렸어요.,대사관 주최로 한국 문화 행사가 열렸어요.,,same_as_korean,11
2,대학,大学、カレッジ,example_tl,,大学カウンセリング,어떤 대학에 가고 싶은지 아직 결정 못 했어요.,어떤 대학에 가고 싶은지 아직 결정 못 했어요.,,same_as_korean,11
2,대학,大学、カレッジ,examples.tl,1,大学カウンセリング,어떤 대학에 가고 싶은지 아직 결정 못 했어요.,어떤 대학에 가고 싶은지 아직 결정 못 했어요.,,same_as_korean,11
2,대학,大学、カレッジ,examples.tl,10,キャリアの選択,대학에서 무엇을 전공할지 고민하고 있어요.,대학에서 무엇을 전공할지 고민하고 있어요.,,same_as_korean,11
2,대학,大学、カレッジ,examples.tl,2,入学準備,대학 입학 시험을 준비하느라 바빠요.,대학 입학 시험을 준비하느라 바빠요.,,same_as_korean,11
2,대학,大学、カレッジ,examples.tl,3,友達の紹介,우리는 같은 대학을 다닌 친구예요.,우리는 같은 대학을 다닌 친구예요.,,same_as_korean,11
2,대학,大学、カレッジ,examples.tl,4,卒業について話す,대학을 졸업하고 취업 준비를 하고 있어요.,대학을 졸업하고 취업 준비를 하고 있어요.,,same_as_korean,11
2,대학,大学、カレッジ,examples.tl,5,学費の話,대학 학비가 너무 비싸서 아르바이트를 해요.,대학 학비가 너무 비싸서 아르바이트를 해요.,,same_as_korean,11
2,대학,大学、カレッジ,examples.tl,6,同窓会の話,오랜만에 대학 동창들을 만났어요.,오랜만에 대학 동창들을 만났어요.,,same_as_korean,11
2,대학,大学、カレッジ,examples.tl,7,学習計画,대학에 가면 영어와 경제학을 공부하고 싶어요.,대학에 가면 영어와 경제학을 공부하고 싶어요.,,same_as_korean,11
2,대학,大学、カレッジ,examples.tl,8,地方の大学について語る,부모님과 떨어져서 지방 대학에 다니고 있어요.,부모님과 떨어져서 지방 대학에 다니고 있어요.,,same_as_korean,11
2,대학,大学、カレッジ,examples.tl,9,寮の話,대학 기숙사에서 생활하면 편리해요.,대학 기숙사에서 생활하면 편리해요.,,same_as_korean,11
2,대학교,大学,example_tl,,学校の紹介,저는 서울에 있는 대학교에 다니고 있어요.,저는 서울에 있는 대학교에 다니고 있어요.,,same_as_korean,10
2,대학교,大学,examples.tl,1,学校の紹介,저는 서울에 있는 대학교에 다니고 있어요.,저는 서울에 있는 대학교에 다니고 있어요.,,same_as_korean,10
2,대학교,大学,examples.tl,2,キャンパスライフ,대학교 캠퍼스가 넓고 아름다워요.,대학교 캠퍼스가 넓고 아름다워요.,,same_as_korean,10
2,대학교,大学,examples.tl,3,クラブ活動,대학교에서 다양한 동아리 활동을 할 수 있어요.,대학교에서 다양한 동아리 활동을 할 수 있어요.,,same_as_korean,10
2,대학교,大学,examples.tl,4,学校への入学許可,원하는 대학교에 합격해서 너무 기뻐요.,원하는 대학교에 합격해서 너무 기뻐요.,,same_as_korean,10
2,대학교,大学,examples.tl,5,図書館の利用,대학교 도서관에서 공부하는 것을 좋아해요.,대학교 도서관에서 공부하는 것을 좋아해요.,,same_as_korean,10
2,대학교,大学,examples.tl,6,部署の説明をする,저는 대학교에서 컴퓨터 공학을 전공해요.,저는 대학교에서 컴퓨터 공학을 전공해요.,,same_as_korean,10
2,대학교,大学,examples.tl,7,休暇の計画,대학교 방학 동안 여행을 다닐 계획이에요.,대학교 방학 동안 여행을 다닐 계획이에요.,,same_as_korean,10
2,대학교,大学,examples.tl,8,教授について話す,대학교 교수님이 수업을 매우 재미있게 가르치세요.,대학교 교수님이 수업을 매우 재미있게 가르치세요.,,same_as_korean,10
2,대학교,大学,examples.tl,9,学食,대학교 학생 식당은 밥값이 저렴해서 자주 이용해요.,대학교 학생 식당은 밥값이 저렴해서 자주 이용해요.,,same_as_korean,10
2,무엇이,何を（主題）,examples.tl,7,優先順位,지금 무엇이 더 급한지 판단해야 해요.,지금 무엇이 더 급한지 판단해야 해요.,,same_as_korean,2
2,무엇이,何を（主題）,examples.tl,8,必要,지금 무엇이 필요한지 말해 주세요.,지금 무엇이 필요한지 말해 주세요.,,same_as_korean,2
2,무역,貿易、商業,example_tl,,経済ニュース,한국은 무역으로 경제를 발전시켰어요.,한국은 무역으로 경제를 발전시켰어요.,,same_as_korean,11
2,무역,貿易、商業,examples.tl,1,経済ニュース,한국은 무역으로 경제를 발전시켰어요.,한국은 무역으로 경제를 발전시켰어요.,,same_as_korean,11
2,무역,貿易、商業,examples.tl,10,就職活動,무역 관련 자격증을 따기 위해 공부하고 있어요.,무역 관련 자격증을 따기 위해 공부하고 있어요.,,same_as_korean,11
2,무역,貿易、商業,examples.tl,2,学校,대학교에서 무역학을 전공하고 싶어요.,대학교에서 무역학을 전공하고 싶어요.,,same_as_korean,11
2,무역,貿易、商業,examples.tl,3,仕事,무역 회사에서 일하려면 외국어 실력이 중요해요.,무역 회사에서 일하려면 외국어 실력이 중요해요.,,same_as_korean,11
2,무역,貿易、商業,examples.tl,4,国際関係,두 나라 사이의 무역이 점점 늘어나고 있어요.,두 나라 사이의 무역이 점점 늘어나고 있어요.,,same_as_korean,11
2,무역,貿易、商業,examples.tl,5,輸入と輸出,한국은 전자 제품 무역이 활발해요.,한국은 전자 제품 무역이 활발해요.,,same_as_korean,11
2,무역,貿易、商業,examples.tl,6,ニュース,무역 협정을 맺기 위한 협상이 진행 중이에요.,무역 협정을 맺기 위한 협상이 진행 중이에요.,,same_as_korean,11
2,무역,貿易、商業,examples.tl,7,歴史,옛날에는 비단길을 통해 무역이 이루어졌어요.,옛날에는 비단길을 통해 무역이 이루어졌어요.,,same_as_korean,11
2,무역,貿易、商業,examples.tl,8,港,부산항은 한국의 중요한 무역 항구예요.,부산항은 한국의 중요한 무역 항구예요.,,same_as_korean,11
2,무역,貿易、商業,examples.tl,9,専攻の紹介,제 전공은 무역이라서 국제 비즈니스에 관심이 많아요.,제 전공은 무역이라서 국제 비즈니스에 관심이 많아요.,,same_as_korean,11
2,무용,ダンス（芸術）,example_tl,,アート,무용은 몸으로 표현하는 예술이에요.,무용은 몸으로 표현하는 예술이에요.,,same_as_korean,11
2,무용,ダンス（芸術）,examples.tl,1,アート,무용은 몸으로 표현하는 예술이에요.,무용은 몸으로 표현하는 예술이에요.,,same_as_korean,11
2,무용,ダンス（芸術）,examples.tl,10,文化イベント,축제에서 다양한 나라의 무용을 볼 수 있었어요.,축제에서 다양한 나라의 무용을 볼 수 있었어요.,,same_as_korean,11
2,무용,ダンス（芸術）,examples.tl,2,趣味,저는 어릴 때부터 무용을 배웠어요.,저는 어릴 때부터 무용을 배웠어요.,,same_as_korean,11
2,무용,ダンス（芸術）,examples.tl,3,パフォーマンス,이번 주말에 무용 공연을 보러 갈 거예요.,이번 주말에 무용 공연을 보러 갈 거예요.,,same_as_korean,11
2,무용,ダンス（芸術）,examples.tl,4,メジャー,언니는 대학교에서 무용을 전공했어요.,언니는 대학교에서 무용을 전공했어요.,,same_as_korean,11
2,무용,ダンス（芸術）,examples.tl,5,伝統文化,한국 전통 무용은 매우 아름다워요.,한국 전통 무용은 매우 아름다워요.,,same_as_korean,11
2,무용,ダンス（芸術）,examples.tl,6,運動効果,무용은 유연성을 키우는 데 도움이 돼요.,무용은 유연성을 키우는 데 도움이 돼요.,,same_as_korean,11
2,무용,ダンス（芸術）,examples.tl,7,競争,무용 대회에서 1등을 해서 기뻤어요.,무용 대회에서 1등을 해서 기뻤어요.,,same_as_korean,11
2,무용,ダンス（芸術）,examples.tl,8,アカデミー,방과 후에 무용 학원을 다니고 있어요.,방과 후에 무용 학원을 다니고 있어요.,,same_as_korean,11
2,무용,ダンス（芸術）,examples.tl,9,表現,무용을 통해 감정을 표현할 수 있어요.,무용을 통해 감정을 표현할 수 있어요.,,same_as_korean,11
2,무척,非常に、非常に,example_tl,,感情,오늘 시험에 합격해서 무척 기뻐요.,오늘 시험에 합격해서 무척 기뻐요.,,same_as_korean,11
2,무척,非常に、非常に,examples.tl,1,感情,오늘 시험에 합격해서 무척 기뻐요.,오늘 시험에 합격해서 무척 기뻐요.,,same_as_korean,11
2,무척,非常に、非常に,examples.tl,10,第一印象,처음 한국에 왔을 때 무척 낯설었어요.,처음 한국에 왔을 때 무척 낯설었어요.,,same_as_korean,11
2,무척,非常に、非常に,examples.tl,2,天気,오늘 날씨가 무척 더워요.,오늘 날씨가 무척 더워요.,,same_as_korean,11
2,무척,非常に、非常に,examples.tl,3,食べ物,이 음식은 무척 맛있어서 자꾸 먹고 싶어요.,이 음식은 무척 맛있어서 자꾸 먹고 싶어요.,,same_as_korean,11
2,무척,非常に、非常に,examples.tl,4,疲労,여행을 오래 했더니 무척 피곤해요.,여행을 오래 했더니 무척 피곤해요.,,same_as_korean,11
2,무척,非常に、非常に,examples.tl,5,感謝の気持ち,도움을 주셔서 무척 감사해요.,도움을 주셔서 무척 감사해요.,,same_as_korean,11
2,무척,非常に、非常に,examples.tl,6,心配する,시험 결과가 나오기 전까지 무척 걱정됐어요.,시험 결과가 나오기 전까지 무척 걱정됐어요.,,same_as_korean,11
2,무척,非常に、非常に,examples.tl,7,興味,저는 한국 문화에 무척 관심이 많아요.,저는 한국 문화에 무척 관심이 많아요.,,same_as_korean,11
2,무척,非常に、非常に,examples.tl,8,子供たち,그 아이는 노래를 무척 잘해요.,그 아이는 노래를 무척 잘해요.,,same_as_korean,11
2,무척,非常に、非常に,examples.tl,9,読書,이 책은 무척 재미있어서 하루 만에 다 읽었어요.,이 책은 무척 재미있어서 하루 만에 다 읽었어요.,,same_as_korean,11
2,문,ドア、門,example_tl,,家に入るとき,문을 열고 집 안으로 들어갔습니다.,문을 열고 집 안으로 들어갔습니다.,,same_as_korean,11
2,문,ドア、門,examples.tl,1,家に入るとき,문을 열고 집 안으로 들어갔습니다.,문을 열고 집 안으로 들어갔습니다.,,same_as_korean,11
2,문,ドア、門,examples.tl,10,夜帰宅するとき,늦게 집에 왔더니 문이 잠겨 있었습니다.,늦게 집에 왔더니 문이 잠겨 있었습니다.,,same_as_korean,11
2,문,ドア、門,examples.tl,2,ノックするとき,문을 두드리고 선생님께 허락을 받았습니다.,문을 두드리고 선생님께 허락을 받았습니다.,,same_as_korean,11
2,문,ドア、門,examples.tl,3,風が吹くと,바람이 세서 문이 저절로 닫혔습니다.,바람이 세서 문이 저절로 닫혔습니다.,,same_as_korean,11
2,문,ドア、門,examples.tl,4,ロック時,외출하기 전에 문을 꼭 잠가야 합니다.,외출하기 전에 문을 꼭 잠가야 합니다.,,same_as_korean,11
2,문,ドア、門,examples.tl,5,修理するとき,오래된 문이 고장 나서 새로 바꿨습니다.,오래된 문이 고장 나서 새로 바꿨습니다.,,same_as_korean,11
2,문,ドア、門,examples.tl,6,学校で,수업 중에는 교실 문을 닫아 주세요.,수업 중에는 교실 문을 닫아 주세요.,,same_as_korean,11
2,문,ドア、門,examples.tl,7,公園で,공원 입구에 큰 문이 세워져 있습니다.,공원 입구에 큰 문이 세워져 있습니다.,,same_as_korean,11
2,문,ドア、門,examples.tl,8,天気が暑いとき,더워서 문을 열어 놓고 공부했습니다.,더워서 문을 열어 놓고 공부했습니다.,,same_as_korean,11
2,문,ドア、門,examples.tl,9,お客さんが来たとき,초인종 소리가 나서 문을 열었더니 친구였습니다.,초인종 소리가 나서 문을 열었더니 친구였습니다.,,same_as_korean,11
2,문구점,文具店,example_tl,,学用品を買うとき,학교 앞 문구점에서 공책과 연필을 샀습니다.,학교 앞 문구점에서 공책과 연필을 샀습니다.,,same_as_korean,11
2,문구점,文具店,examples.tl,1,学用品を買うとき,학교 앞 문구점에서 공책과 연필을 샀습니다.,학교 앞 문구점에서 공책과 연필을 샀습니다.,,same_as_korean,11
2,문구점,文具店,examples.tl,10,包装紙を買うときは,친구 선물을 포장할 종이를 문구점에서 샀습니다.,친구 선물을 포장할 종이를 문구점에서 샀습니다.,,same_as_korean,11
2,문구점,文具店,examples.tl,2,消耗品を購入するとき,미술 시간 준비물을 사러 문구점에 갔습니다.,미술 시간 준비물을 사러 문구점에 갔습니다.,,same_as_korean,11
2,문구점,文具店,examples.tl,3,場所を尋ねるとき,가까운 문구점이 어디에 있는지 알려 주세요.,가까운 문구점이 어디에 있는지 알려 주세요.,,same_as_korean,11
2,문구점,文具店,examples.tl,4,放課後,수업이 끝난 후 친구와 함께 문구점에 들렀습니다.,수업이 끝난 후 친구와 함께 문구점에 들렀습니다.,,same_as_korean,11
2,문구점,文具店,examples.tl,5,プレゼントを買うとき,문구점에서 예쁜 편지지와 봉투를 샀습니다.,문구점에서 예쁜 편지지와 봉투를 샀습니다.,,same_as_korean,11
2,문구점,文具店,examples.tl,6,ペンがないとき,볼펜이 다 떨어져서 문구점에 가야 합니다.,볼펜이 다 떨어져서 문구점에 가야 합니다.,,same_as_korean,11
2,문구점,文具店,examples.tl,7,休暇前,새 학기를 준비하기 위해 문구점에서 학용품을 샀습니다.,새 학기를 준비하기 위해 문구점에서 학용품을 샀습니다.,,same_as_korean,11
2,문구점,文具店,examples.tl,8,消しゴムを探しているとき,문구점에 가면 다양한 종류의 지우개를 살 수 있습니다.,문구점에 가면 다양한 종류의 지우개를 살 수 있습니다.,,same_as_korean,11
2,문구점,文具店,examples.tl,9,価格について尋ねるとき,문구점 아주머니께 색연필 가격을 물어봤습니다.,문구점 아주머니께 색연필 가격을 물어봤습니다.,,same_as_korean,11
2,문장,文,example_tl,,韓国語の授業で,선생님께서 이 문장의 주어를 찾아보라고 하셨습니다.,선생님께서 이 문장의 주어를 찾아보라고 하셨습니다.,,same_as_korean,10
2,문장,文,examples.tl,1,韓国語の授業で,선생님께서 이 문장의 주어를 찾아보라고 하셨습니다.,선생님께서 이 문장의 주어를 찾아보라고 하셨습니다.,,same_as_korean,10
2,문장,文,examples.tl,10,プレゼンテーションの準備をするとき,발표할 내용을 문장으로 정리해서 외웠습니다.,발표할 내용을 문장으로 정리해서 외웠습니다.,,same_as_korean,10
2,문장,文,examples.tl,2,書くとき,짧고 명확한 문장으로 글을 쓰는 것이 좋습니다.,짧고 명확한 문장으로 글을 쓰는 것이 좋습니다.,,same_as_korean,10
2,문장,文,examples.tl,4,韓国語を学ぶとき,새로운 단어를 배우면 예문 문장을 만들어 봅니다.,새로운 단어를 배우면 예문 문장을 만들어 봅니다.,,same_as_korean,10
2,문장,文,examples.tl,5,読むとき,이 책에는 아름다운 문장이 많이 있습니다.,이 책에는 아름다운 문장이 많이 있습니다.,,same_as_korean,10
2,문장,文,examples.tl,6,作文の宿題をするとき,주어진 단어로 문장을 만드는 숙제를 했습니다.,주어진 단어로 문장을 만드는 숙제를 했습니다.,,same_as_korean,10
2,문장,文,examples.tl,7,間違いを修正するとき,이 문장에 문법 오류가 있으니 다시 써 주세요.,이 문장에 문법 오류가 있으니 다시 써 주세요.,,same_as_korean,10
2,문장,文,examples.tl,8,詩を読むとき,시의 첫 번째 문장이 매우 인상적이었습니다.,시의 첫 번째 문장이 매우 인상적이었습니다.,,same_as_korean,10
2,문장,文,examples.tl,9,日記を書くとき,오늘 일기를 쓰면서 긴 문장을 완성했습니다.,오늘 일기를 쓰면서 긴 문장을 완성했습니다.,,same_as_korean,10
2,문제,問題、質問,example_tl,,試験を受けるとき,시험 문제가 너무 어려워서 다 풀지 못했습니다.,시험 문제가 너무 어려워서 다 풀지 못했습니다.,,same_as_korean,11
2,문제,問題、質問,examples.tl,1,試験を受けるとき,시험 문제가 너무 어려워서 다 풀지 못했습니다.,시험 문제가 너무 어려워서 다 풀지 못했습니다.,,same_as_korean,11
2,문제,問題、質問,examples.tl,10,クイズを解くとき,퀴즈 문제 열 개 중에서 여덟 개를 맞혔습니다.,퀴즈 문제 열 개 중에서 여덟 개를 맞혔습니다.,,same_as_korean,11
2,문제,問題、質問,examples.tl,2,困難に遭遇したとき,갑자기 컴퓨터에 문제가 생겨서 수리를 맡겼습니다.,갑자기 컴퓨터에 문제가 생겨서 수리를 맡겼습니다.,,same_as_korean,11
2,문제,問題、質問,examples.tl,3,数学を勉強するとき,수학 문제를 혼자서 풀어 보려고 노력했습니다.,수학 문제를 혼자서 풀어 보려고 노력했습니다.,,same_as_korean,11
2,문제,問題、質問,examples.tl,4,友達と口論するとき,두 사람 사이에 문제가 생겨서 선생님께 도움을 요청했습니다.,두 사람 사이에 문제가 생겨서 선생님께 도움을 요청했습니다.,,same_as_korean,11
2,문제,問題、質問,examples.tl,5,環境について話すとき,환경 문제는 우리 모두가 함께 해결해야 합니다.,환경 문제는 우리 모두가 함께 해결해야 합니다.,,same_as_korean,11
2,문제,問題、質問,examples.tl,6,健康上の問題があるとき,건강에 문제가 있으면 빨리 병원에 가야 합니다.,건강에 문제가 있으면 빨리 병원에 가야 합니다.,,same_as_korean,11
2,문제,問題、質問,examples.tl,7,宿題をするとき,어려운 문제는 선생님께 질문하는 것이 좋습니다.,어려운 문제는 선생님께 질문하는 것이 좋습니다.,,same_as_korean,11
2,문제,問題、質問,examples.tl,8,面接を受けるとき,면접관이 어려운 문제를 질문해서 당황했습니다.,면접관이 어려운 문제를 질문해서 당황했습니다.,,same_as_korean,11
2,문제,問題、質問,examples.tl,9,競合を解決するとき,이 문제를 해결하기 위해 회의를 열었습니다.,이 문제를 해결하기 위해 회의를 열었습니다.,,same_as_korean,11
2,문화,文化,example_tl,,海外旅行時,외국에 가면 그 나라의 문화를 직접 경험할 수 있습니다.,외국에 가면 그 나라의 문화를 직접 경험할 수 있습니다.,,same_as_korean,11
2,문화,文化,examples.tl,1,海外旅行時,외국에 가면 그 나라의 문화를 직접 경험할 수 있습니다.,외국에 가면 그 나라의 문화를 직접 경험할 수 있습니다.,,same_as_korean,11
2,문화,文化,examples.tl,10,交換留学生プログラム中,문화 교류를 통해 새로운 친구를 많이 사귀었습니다.,문화 교류를 통해 새로운 친구를 많이 사귀었습니다.,,same_as_korean,11
2,문화,文化,examples.tl,2,韓国を紹介するとき,한국 문화 중에서 음식 문화가 특히 유명합니다.,한국 문화 중에서 음식 문화가 특히 유명합니다.,,same_as_korean,11
2,문화,文化,examples.tl,3,授業中,사회 시간에 다양한 나라의 문화를 배웠습니다.,사회 시간에 다양한 나라의 문화를 배웠습니다.,,same_as_korean,11
2,문화,文化,examples.tl,4,本を読むとき,이 책은 동양과 서양의 문화 차이를 설명하고 있습니다.,이 책은 동양과 서양의 문화 차이를 설명하고 있습니다.,,same_as_korean,11
2,문화,文化,examples.tl,5,イベント参加時,학교에서 세계 문화 축제를 열었습니다.,학교에서 세계 문화 축제를 열었습니다.,,same_as_korean,11
2,문화,文化,examples.tl,6,音楽を聴くとき,케이팝은 한국 문화를 세계에 알리는 데 도움이 됩니다.,케이팝은 한국 문화를 세계에 알리는 데 도움이 됩니다.,,same_as_korean,11
2,문화,文化,examples.tl,7,伝統を守るとき,우리는 전통 문화를 잘 보존해야 합니다.,우리는 전통 문화를 잘 보존해야 합니다.,,same_as_korean,11
2,문화,文化,examples.tl,8,移民について話すとき,다른 문화를 이해하면 서로를 더 잘 존중할 수 있습니다.,다른 문화를 이해하면 서로를 더 잘 존중할 수 있습니다.,,same_as_korean,11
2,문화,文化,examples.tl,9,美術館で,박물관에서 우리나라의 전통 문화를 배울 수 있습니다.,박물관에서 우리나라의 전통 문화를 배울 수 있습니다.,,same_as_korean,11
2,묻다,尋ねる、埋める,example_tl,,道がわからないとき,지나가는 사람에게 길을 묻었습니다.,지나가는 사람에게 길을 묻었습니다.,,same_as_korean,10
2,묻다,尋ねる、埋める,examples.tl,1,道がわからないとき,지나가는 사람에게 길을 묻었습니다.,지나가는 사람에게 길을 묻었습니다.,,same_as_korean,10
2,묻다,尋ねる、埋める,examples.tl,10,意見を求めるときは,어떤 색이 더 예쁜지 어머니께 물었습니다.,어떤 색이 더 예쁜지 어머니께 물었습니다.,,same_as_korean,10
2,묻다,尋ねる、埋める,examples.tl,2,情報を得るとき,선생님께 숙제에 대해 묻고 싶습니다.,선생님께 숙제에 대해 묻고 싶습니다.,,same_as_korean,10
2,묻다,尋ねる、埋める,examples.tl,3,葬儀で,할아버지를 고향 땅에 묻었습니다.,할아버지를 고향 땅에 묻었습니다.,,same_as_korean,10
2,묻다,尋ねる、埋める,examples.tl,4,秘密を隠すとき,오래된 비밀을 마음속 깊이 묻어 두었습니다.,오래된 비밀을 마음속 깊이 묻어 두었습니다.,,same_as_korean,10
2,묻다,尋ねる、埋める,examples.tl,5,料金を知りたいときは,가게 직원에게 물건 가격을 물었습니다.,가게 직원에게 물건 가격을 물었습니다.,,same_as_korean,10
2,묻다,尋ねる、埋める,examples.tl,7,種を植えるとき,꽃씨를 화분에 묻고 물을 줬습니다.,꽃씨를 화분에 묻고 물을 줬습니다.,,same_as_korean,10
2,묻다,尋ねる、埋める,examples.tl,8,面接を受けるとき,기자가 대통령에게 여러 가지를 물었습니다.,기자가 대통령에게 여러 가지를 물었습니다.,,same_as_korean,10
2,묻다,尋ねる、埋める,examples.tl,9,理由を知りたいとき,왜 늦었는지 친구에게 물어봤습니다.,왜 늦었는지 친구에게 물어봤습니다.,,same_as_korean,10
2,물,水,example_tl,,喉が渇いたとき,운동을 하고 나서 차가운 물을 마셨습니다.,운동을 하고 나서 차가운 물을 마셨습니다.,,same_as_korean,6
2,물,水,examples.tl,1,喉が渇いたとき,운동을 하고 나서 차가운 물을 마셨습니다.,운동을 하고 나서 차가운 물을 마셨습니다.,,same_as_korean,6
2,물,水,examples.tl,2,調理するとき,냄비에 물을 붓고 라면을 끓였습니다.,냄비에 물을 붓고 라면을 끓였습니다.,,same_as_korean,6
2,물,水,examples.tl,3,植物に水をやるとき,매일 아침 화분에 물을 주는 것이 습관입니다.,매일 아침 화분에 물을 주는 것이 습관입니다.,,same_as_korean,6
2,물,水,examples.tl,4,環境保護について話すとき,물은 소중한 자원이니 아껴 써야 합니다.,물은 소중한 자원이니 아껴 써야 합니다.,,same_as_korean,6
2,물,水,examples.tl,5,洗顔時,아침에 일어나서 찬물로 세수를 했습니다.,아침에 일어나서 찬물로 세수를 했습니다.,,same_as_korean,6
2,미안하다,ごめんなさい,examples.tl,10,友達に正直になるとき,먼저 화를 낸 것이 미안해서 사과했습니다.,먼저 화를 낸 것이 미안해서 사과했습니다.,,same_as_korean,5
2,미안하다,ごめんなさい,examples.tl,6,忘れたとき,중요한 약속을 잊어버려서 너무 미안합니다.,중요한 약속을 잊어버려서 너무 미안합니다.,,same_as_korean,5
2,미안하다,ごめんなさい,examples.tl,7,ご迷惑をおかけする場合,소란을 피워서 이웃들에게 미안합니다.,소란을 피워서 이웃들에게 미안합니다.,,same_as_korean,5
2,미안하다,ごめんなさい,examples.tl,8,難しいお願いをするときは,바쁠 텐데 부탁을 드려서 미안합니다.,바쁠 텐데 부탁을 드려서 미안합니다.,,same_as_korean,5
2,미안하다,ごめんなさい,examples.tl,9,事故を起こしたとき,실수로 발을 밟아서 미안합니다.,실수로 발을 밟아서 미안합니다.,,same_as_korean,5
2,미안합니다,ごめんなさい。,example_tl,,誰かにぶつかったとき,길에서 사람과 부딪혀서 미안합니다라고 말했습니다.,길에서 사람과 부딪혀서 미안합니다라고 말했습니다.,,same_as_korean,11
2,미안합니다,ごめんなさい。,examples.tl,1,誰かにぶつかったとき,길에서 사람과 부딪혀서 미안합니다라고 말했습니다.,길에서 사람과 부딪혀서 미안합니다라고 말했습니다.,,same_as_korean,11
2,미안합니다,ごめんなさい。,examples.tl,10,席を譲るとき,"먼저 앉아서 미안합니다, 자리를 바꿔 드릴게요.","먼저 앉아서 미안합니다, 자리를 바꿔 드릴게요.",,same_as_korean,11
2,미안합니다,ごめんなさい。,examples.tl,2,遅刻したとき,수업에 늦게 들어오면서 선생님께 미안합니다라고 했습니다.,수업에 늦게 들어오면서 선생님께 미안합니다라고 했습니다.,,same_as_korean,11
2,미안합니다,ごめんなさい。,examples.tl,3,間違いを犯したとき,서류를 잘못 작성해서 담당자에게 미안합니다라고 했습니다.,서류를 잘못 작성해서 담당자에게 미안합니다라고 했습니다.,,same_as_korean,11
2,미안합니다,ごめんなさい。,examples.tl,4,電話番号を間違えたとき,전화를 잘못 걸어서 미안합니다라고 하고 끊었습니다.,전화를 잘못 걸어서 미안합니다라고 하고 끊었습니다.,,same_as_korean,11
2,미안합니다,ごめんなさい。,examples.tl,5,公共の場でトラブルを起こしたとき,식당에서 큰 소리로 말해서 주변 사람들에게 미안합니다라고 했습니다.,식당에서 큰 소리로 말해서 주변 사람들에게 미안합니다라고 했습니다.,,same_as_korean,11
2,미안합니다,ごめんなさい。,examples.tl,6,ご依頼をお断りする場合,도와드리지 못하게 되어서 미안합니다.,도와드리지 못하게 되어서 미안합니다.,,same_as_korean,11
2,미안합니다,ごめんなさい。,examples.tl,7,人を待たせるとき,오래 기다리게 해서 정말 미안합니다.,오래 기다리게 해서 정말 미안합니다.,,same_as_korean,11
2,미안합니다,ごめんなさい。,examples.tl,8,何かが破損したとき,친구의 책을 망가뜨려서 미안합니다.,친구의 책을 망가뜨려서 미안합니다.,,same_as_korean,11
2,미안합니다,ごめんなさい。,examples.tl,9,約束を守れないとき,약속을 지키지 못해서 미안합니다.,약속을 지키지 못해서 미안합니다.,,same_as_korean,11
2,미용실,美容室、ヘアサロン,example_tl,,散髪するとき,머리가 많이 자라서 미용실에 갔습니다.,머리가 많이 자라서 미용실에 갔습니다.,,same_as_korean,10
2,미용실,美容室、ヘアサロン,examples.tl,1,散髪するとき,머리가 많이 자라서 미용실에 갔습니다.,머리가 많이 자라서 미용실에 갔습니다.,,same_as_korean,10
2,미용실,美容室、ヘアサロン,examples.tl,10,サービスについて話すとき,그 미용실은 서비스가 좋아서 자주 갑니다.,그 미용실은 서비스가 좋아서 자주 갑니다.,,same_as_korean,10
2,미용실,美容室、ヘアサロン,examples.tl,2,ご予約の際は,내일 오후에 미용실을 예약했습니다.,내일 오후에 미용실을 예약했습니다.,,same_as_korean,10
2,미용실,美容室、ヘアサロン,examples.tl,3,髪型を変えるとき,미용실에서 머리 스타일을 완전히 바꿨습니다.,미용실에서 머리 스타일을 완전히 바꿨습니다.,,same_as_korean,10
2,미용실,美容室、ヘアサロン,examples.tl,4,髪を染めるとき,미용실에서 머리를 갈색으로 염색했습니다.,미용실에서 머리를 갈색으로 염색했습니다.,,same_as_korean,10
2,미용실,美容室、ヘアサロン,examples.tl,5,パーマをかけるとき,결혼식 때문에 미용실에서 파마를 했습니다.,결혼식 때문에 미용실에서 파마를 했습니다.,,same_as_korean,10
2,미용실,美容室、ヘアサロン,examples.tl,6,子どもが初めて行くときは,아이가 처음으로 미용실에서 머리를 잘랐습니다.,아이가 처음으로 미용실에서 머리를 잘랐습니다.,,same_as_korean,10
2,미용실,美容室、ヘアサロン,examples.tl,7,場所を尋ねるとき,이 근처에 좋은 미용실이 있으면 알려 주세요.,이 근처에 좋은 미용실이 있으면 알려 주세요.,,same_as_korean,10
2,미용실,美容室、ヘアサロン,examples.tl,9,特別な日の準備をするとき,졸업식 전날 미용실에 가서 단장을 했습니다.,졸업식 전날 미용실에 가서 단장을 했습니다.,,same_as_korean,10
2,미터,メーター,example_tl,,距離を説明するとき,학교에서 편의점까지 약 100미터 정도 됩니다.,학교에서 편의점까지 약 100미터 정도 됩니다.,,same_as_korean,11
2,미터,メーター,examples.tl,1,距離を説明するとき,학교에서 편의점까지 약 100미터 정도 됩니다.,학교에서 편의점까지 약 100미터 정도 됩니다.,,same_as_korean,11
2,미터,メーター,examples.tl,10,水深の話をすると,이 수영장의 깊이는 2미터입니다.,이 수영장의 깊이는 2미터입니다.,,same_as_korean,11
2,미터,メーター,examples.tl,2,身長の話をするときは,오빠의 키는 1미터 80센티미터입니다.,오빠의 키는 1미터 80센티미터입니다.,,same_as_korean,11
2,미터,メーター,examples.tl,3,競泳の話をするときは,100미터 수영 경기에서 1등을 했습니다.,100미터 수영 경기에서 1등을 했습니다.,,same_as_korean,11
2,미터,メーター,examples.tl,4,建物の高さについて話すとき,이 건물의 높이는 약 50미터입니다.,이 건물의 높이는 약 50미터입니다.,,same_as_korean,11
2,미터,メーター,examples.tl,5,数学の問題を解くとき,운동장의 가로 길이는 80미터입니다.,운동장의 가로 길이는 80미터입니다.,,same_as_korean,11
2,미터,メーター,examples.tl,6,体育の授業中,50미터 달리기 기록을 측정했습니다.,50미터 달리기 기록을 측정했습니다.,,same_as_korean,11
2,미터,メーター,examples.tl,7,説明するとき,1킬로미터는 1000미터와 같습니다.,1킬로미터는 1000미터와 같습니다.,,same_as_korean,11
2,미터,メーター,examples.tl,8,地図を読むとき,지도에서 1센티미터는 실제로 100미터를 나타냅니다.,지도에서 1센티미터는 실제로 100미터를 나타냅니다.,,same_as_korean,11
2,미터,メーター,examples.tl,9,ハイジャンプについて語るとき,그 선수는 2미터 이상을 뛸 수 있습니다.,그 선수는 2미터 이상을 뛸 수 있습니다.,,same_as_korean,11
2,민속촌,民俗村,example_tl,,修学旅行に行くとき,학교에서 한국 민속촌으로 현장 학습을 갔습니다.,학교에서 한국 민속촌으로 현장 학습을 갔습니다.,,same_as_korean,11
2,민속촌,民俗村,examples.tl,1,修学旅行に行くとき,학교에서 한국 민속촌으로 현장 학습을 갔습니다.,학교에서 한국 민속촌으로 현장 학습을 갔습니다.,,same_as_korean,11
2,민속촌,民俗村,examples.tl,10,伝統芸能を鑑賞するとき,민속촌에서 전통 무용 공연을 관람했습니다.,민속촌에서 전통 무용 공연을 관람했습니다.,,same_as_korean,11
2,민속촌,民俗村,examples.tl,2,外国人の友人に紹介するとき,외국인 친구에게 민속촌을 소개해 줬습니다.,외국인 친구에게 민속촌을 소개해 줬습니다.,,same_as_korean,11
2,민속촌,民俗村,examples.tl,3,伝統文化を学ぶとき,민속촌에서 전통 공예를 체험할 수 있습니다.,민속촌에서 전통 공예를 체험할 수 있습니다.,,same_as_korean,11
2,민속촌,民俗村,examples.tl,4,週末旅行に行くとき,주말에 민속촌에 가서 전통놀이를 즐겼습니다.,주말에 민속촌에 가서 전통놀이를 즐겼습니다.,,same_as_korean,11
2,민속촌,民俗村,examples.tl,5,歴史を学ぶとき,민속촌에 가면 옛날 생활 방식을 볼 수 있습니다.,민속촌에 가면 옛날 생활 방식을 볼 수 있습니다.,,same_as_korean,11
2,민속촌,民俗村,examples.tl,6,食べ物を食べるとき,민속촌에서 전통 음식을 먹었습니다.,민속촌에서 전통 음식을 먹었습니다.,,same_as_korean,11
2,민속촌,民俗村,examples.tl,7,韓服を着るとき,민속촌에서 한복을 입어 보는 체험을 했습니다.,민속촌에서 한복을 입어 보는 체험을 했습니다.,,same_as_korean,11
2,민속촌,民俗村,examples.tl,8,写真を撮るとき,민속촌의 아름다운 경치를 배경으로 사진을 찍었습니다.,민속촌의 아름다운 경치를 배경으로 사진을 찍었습니다.,,same_as_korean,11
2,민속촌,民俗村,examples.tl,9,入場料を支払うとき,민속촌 입장료는 어른과 어린이가 다릅니다.,민속촌 입장료는 어른과 어린이가 다릅니다.,,same_as_korean,11
2,밀가루,小麦粉,example_tl,,調理するとき,빵을 만들기 위해 밀가루를 샀습니다.,빵을 만들기 위해 밀가루를 샀습니다.,,same_as_korean,11
2,밀가루,小麦粉,examples.tl,1,調理するとき,빵을 만들기 위해 밀가루를 샀습니다.,빵을 만들기 위해 밀가루를 샀습니다.,,same_as_korean,11
2,밀가루,小麦粉,examples.tl,10,伝統的な食べ物を作るとき,할머니께서 밀가루로 직접 국수를 만드셨습니다.,할머니께서 밀가루로 직접 국수를 만드셨습니다.,,same_as_korean,11
2,밀가루,小麦粉,examples.tl,2,パンケーキを作るとき,밀가루에 물을 섞어서 반죽을 만들었습니다.,밀가루에 물을 섞어서 반죽을 만들었습니다.,,same_as_korean,11
2,밀가루,小麦粉,examples.tl,3,マートで,마트에서 밀가루 한 봉지를 샀습니다.,마트에서 밀가루 한 봉지를 샀습니다.,,same_as_korean,11
2,밀가루,小麦粉,examples.tl,4,レシピを読むとき,이 케이크 레시피에는 밀가루 두 컵이 필요합니다.,이 케이크 레시피에는 밀가루 두 컵이 필요합니다.,,same_as_korean,11
2,밀가루,小麦粉,examples.tl,5,麺を作るとき,수제비를 만들기 위해 밀가루로 반죽을 했습니다.,수제비를 만들기 위해 밀가루로 반죽을 했습니다.,,same_as_korean,11
2,밀가루,小麦粉,examples.tl,6,アレルギーの話をするときは,밀가루 알레르기가 있어서 빵을 먹지 못합니다.,밀가루 알레르기가 있어서 빵을 먹지 못합니다.,,same_as_korean,11
2,밀가루,小麦粉,examples.tl,7,揚げ物をするとき,생선에 밀가루를 묻혀서 튀겼습니다.,생선에 밀가루를 묻혀서 튀겼습니다.,,same_as_korean,11
2,밀가루,小麦粉,examples.tl,8,おやつを作るとき,"쿠키를 만들 때 밀가루, 버터, 설탕이 필요합니다.","쿠키를 만들 때 밀가루, 버터, 설탕이 필요합니다.",,same_as_korean,11
2,밀가루,小麦粉,examples.tl,9,保管するとき,밀가루는 습기가 없는 곳에 보관해야 합니다.,밀가루는 습기가 없는 곳에 보관해야 합니다.,,same_as_korean,11
2,밀리다,押し込まれる、遅れる,example_tl,,渋滞時,퇴근 시간이라 차가 많이 밀렸습니다.,퇴근 시간이라 차가 많이 밀렸습니다.,,same_as_korean,11
2,밀리다,押し込まれる、遅れる,examples.tl,1,渋滞時,퇴근 시간이라 차가 많이 밀렸습니다.,퇴근 시간이라 차가 많이 밀렸습니다.,,same_as_korean,11
2,밀리다,押し込まれる、遅れる,examples.tl,10,期限を過ぎると,갑작스러운 일로 제출 기한이 밀렸습니다.,갑작스러운 일로 제출 기한이 밀렸습니다.,,same_as_korean,11
2,밀리다,押し込まれる、遅れる,examples.tl,2,仕事が溜まっているとき,여러 날 쉬었더니 업무가 많이 밀렸습니다.,여러 날 쉬었더니 업무가 많이 밀렸습니다.,,same_as_korean,11
2,밀리다,押し込まれる、遅れる,examples.tl,3,地下鉄に乗るとき,출퇴근 시간에는 지하철에서 사람들에게 밀렸습니다.,출퇴근 시간에는 지하철에서 사람들에게 밀렸습니다.,,same_as_korean,11
2,밀리다,押し込まれる、遅れる,examples.tl,4,予定が遅れた場合,회의가 길어져서 다음 일정이 밀렸습니다.,회의가 길어져서 다음 일정이 밀렸습니다.,,same_as_korean,11
2,밀리다,押し込まれる、遅れる,examples.tl,5,宿題が溜まったとき,아파서 학교를 쉬었더니 숙제가 밀렸습니다.,아파서 학교를 쉬었더니 숙제가 밀렸습니다.,,same_as_korean,11
2,밀리다,押し込まれる、遅れる,examples.tl,6,競争で遅れをとったとき,실력이 부족해서 경쟁에서 밀렸습니다.,실력이 부족해서 경쟁에서 밀렸습니다.,,same_as_korean,11
2,밀리다,押し込まれる、遅れる,examples.tl,7,列に並んでいるとき,버스에 먼저 타려다가 뒤로 밀렸습니다.,버스에 먼저 타려다가 뒤로 밀렸습니다.,,same_as_korean,11
2,밀리다,押し込まれる、遅れる,examples.tl,8,工事で遅れた場合,도로 공사 때문에 공사 일정이 밀렸습니다.,도로 공사 때문에 공사 일정이 밀렸습니다.,,same_as_korean,11
2,밀리다,押し込まれる、遅れる,examples.tl,9,授業が遅れたとき,앞 수업이 길어져서 다음 수업 시작이 밀렸습니다.,앞 수업이 길어져서 다음 수업 시작이 밀렸습니다.,,same_as_korean,11
2,밑,底、下、下,example_tl,,アイテムを探すとき,열쇠가 침대 밑에 떨어져 있었습니다.,열쇠가 침대 밑에 떨어져 있었습니다.,,same_as_korean,11
2,밑,底、下、下,examples.tl,1,アイテムを探すとき,열쇠가 침대 밑에 떨어져 있었습니다.,열쇠가 침대 밑에 떨어져 있었습니다.,,same_as_korean,11
2,밑,底、下、下,examples.tl,10,海の話をするときは,물 밑에는 우리가 모르는 세계가 있습니다.,물 밑에는 우리가 모르는 세계가 있습니다.,,same_as_korean,11
2,밑,底、下、下,examples.tl,2,場所を説明するとき,책상 밑에 가방을 놓아두었습니다.,책상 밑에 가방을 놓아두었습니다.,,same_as_korean,11
2,밑,底、下、下,examples.tl,3,建物を説明するとき,다리 밑에 노숙자들이 살고 있었습니다.,다리 밑에 노숙자들이 살고 있었습니다.,,same_as_korean,11
2,밑,底、下、下,examples.tl,4,書類を整理するとき,서류 더미 밑에 중요한 서류가 있었습니다.,서류 더미 밑에 중요한 서류가 있었습니다.,,same_as_korean,11
2,밑,底、下、下,examples.tl,5,植えるとき,화분 밑에 작은 돌을 깔았습니다.,화분 밑에 작은 돌을 깔았습니다.,,same_as_korean,11
2,밑,底、下、下,examples.tl,6,木の下で,더운 날 나무 밑에서 잠시 쉬었습니다.,더운 날 나무 밑에서 잠시 쉬었습니다.,,same_as_korean,11
2,밑,底、下、下,examples.tl,7,下線を引いて勉強する場合,중요한 내용 밑에 줄을 그었습니다.,중요한 내용 밑에 줄을 그었습니다.,,same_as_korean,11
2,밑,底、下、下,examples.tl,8,階段を説明するとき,계단 밑에 짐을 잠시 보관했습니다.,계단 밑에 짐을 잠시 보관했습니다.,,same_as_korean,11
2,밑,底、下、下,examples.tl,9,洋服を探すとき,옷 밑에 숨겨 놓은 편지를 발견했습니다.,옷 밑에 숨겨 놓은 편지를 발견했습니다.,,same_as_korean,11
2,바꾸다,変える、交換する、交換する,example_tl,,服を選ぶとき,너무 커서 더 작은 사이즈로 바꿔 달라고 했습니다.,너무 커서 더 작은 사이즈로 바꿔 달라고 했습니다.,,same_as_korean,11
2,바꾸다,変える、交換する、交換する,examples.tl,1,服を選ぶとき,너무 커서 더 작은 사이즈로 바꿔 달라고 했습니다.,너무 커서 더 작은 사이즈로 바꿔 달라고 했습니다.,,same_as_korean,11
2,바꾸다,変える、交換する、交換する,examples.tl,10,転職するとき,더 좋은 기회를 위해 직장을 바꿨습니다.,더 좋은 기회를 위해 직장을 바꿨습니다.,,same_as_korean,11
2,바꾸다,変える、交換する、交換する,examples.tl,2,電話番号が変わったとき,이사 후에 전화번호를 바꿨습니다.,이사 후에 전화번호를 바꿨습니다.,,same_as_korean,11
2,바꾸다,変える、交換する、交換する,examples.tl,3,習慣を変えるとき,건강을 위해 나쁜 습관을 바꾸려고 노력하고 있습니다.,건강을 위해 나쁜 습관을 바꾸려고 노력하고 있습니다.,,same_as_korean,11
2,바꾸다,変える、交換する、交換する,examples.tl,4,通貨を両替するとき,은행에서 달러를 원으로 바꿨습니다.,은행에서 달러를 원으로 바꿨습니다.,,same_as_korean,11
2,바꾸다,変える、交換する、交換する,examples.tl,5,席替えのとき,친구와 자리를 서로 바꿨습니다.,친구와 자리를 서로 바꿨습니다.,,same_as_korean,11
2,바꾸다,変える、交換する、交換する,examples.tl,6,パスワードを変更する場合,보안을 위해 정기적으로 비밀번호를 바꿔야 합니다.,보안을 위해 정기적으로 비밀번호를 바꿔야 합니다.,,same_as_korean,11
2,바꾸다,変える、交換する、交換する,examples.tl,7,計画を見直すとき,날씨 때문에 여행 계획을 바꿨습니다.,날씨 때문에 여행 계획을 바꿨습니다.,,same_as_korean,11
2,바꾸다,変える、交換する、交換する,examples.tl,8,商品交換時,색상이 마음에 들지 않아서 다른 색으로 바꿨습니다.,색상이 마음에 들지 않아서 다른 색으로 바꿨습니다.,,same_as_korean,11
2,바꾸다,変える、交換する、交換する,examples.tl,9,心が変わるとき,처음에는 싫었는데 생각을 바꿔서 해 보기로 했습니다.,처음에는 싫었는데 생각을 바꿔서 해 보기로 했습니다.,,same_as_korean,11
